ocsp.digicert.com,1
outlook.office365.com,1
www.bing.com,1
redirector.gvt1.com,1
s0.2mdn.net,1
beacons.gcp.gvt2.com,1
cm.g.doubleclick.net,1
beacon.krxd.net,1
secure.adnxs.com,1
pixel.adsafeprotected.com,1
exelator.com,1
search.spotxchange.com,1
beacons.gvt2.com,1
s.ytimg.com,1
contextweb.com,1
godaddy.com,1
acdn.adnxs.com,1
ad.turn.com,1
static.adsafeprotected.com,1
loadm.exelator.com,1
token.rubiconproject.com,1
sc.iasds01.com,1
fw.adsafeprotected.com,1
assets.adobedtm.com,1
simage2.pubmatic.com,1
contextual.media.net,1
pbs.twimg.com,1
image6.pubmatic.com,1
ocsp.pki.goog,1
pixel.mathtag.com,1
crl.pki.goog,1
images.taboola.com,2
cdn.flashtalking.com,1
s.w.org,1
m.media-amazon.com,1
ap.lijit.com,1
ping.chartbeat.net,1
cdn.onenote.net,1
gumgum.com,1
img-s-msn-com.akamaized.net,1
b1sync.zemanta.com,1
nym1-ib.adnxs.com,1
logx.optimizely.com,1
ml314.com,1
hola.org,2
m.adnxs.com,1
sync.srv.stackadapt.com,1
ads.yieldmo.com,1
image4.pubmatic.com,1
adition.com,1
qq.com,1
geo.yahoo.com,1
yandex.ru,2
amplitude.com,1
r.turn.com,1
status.geotrust.com,1
tr.blismedia.com,1
videohub.tv,1
fpdownload.macromedia.com,1
vc.hotjar.io,1
sync.adotmob.com,1
eu-u.openx.net,1
15.taboola.com,1
script.crazyegg.com,1
sc-static.net,1
id5-sync.com,2
app.link,1
xp.itunes-apple.com.akadns.net,1
dmp.brand-display.com,1
i.pinimg.com,1
serverbid.com,1
i.scdn.co,1
opx2waycm-atl.netmng.com,1
getpocket.com,1
public-prod-dspcookiematching.dmxleo.com,1
gwallet.com,1
d5p.de17a.com,1
images.outbrainimg.com,1
lax1-ib.adnxs.com,1
prebid.adnxs.com,1
voicefive.com,2
sb.voicefive.com,1
isrg.trustid.ocsp.identrust.com,1
nexac.com,1
apps.apple.com,1
js.stripe.com,1
clickagy.com,1
o.ss2.us,1
bsw.digitru.st,1
logincdn.msauth.net,1
s.symcd.com,1
m.stripe.network,1
sync.spotim.market,1
btlr.sharethrough.com,1
dclk-match.dotomi.com,1
match.justpremium.com,1
cdn.digitru.st,1
rb.adnxs.com,1
adadvisor.net,1
grammarly.com,2
snippets.cdn.mozilla.net,1
unpkg.com,2
sync.sharethis.com,1
assets.bounceexchange.com,1
is5-ssl.mzstatic.com,1
ekr.zdassets.com,1
is4-ssl.mzstatic.com,1
aka.spotxcdn.com,1
cdn.onesignal.com,1
m.youtube.com,1
crcdn01.adnxs.com,1
nexage.com,1
ixiaa.com,1
sync.bumlam.com,1
sharethrough.adnxs.com,1
ads.nexage.com,1
certify.alexametrics.com,2
demandbase.com,1
players.brightcove.net,1
nsatc.net,1
nrich.ai,1
undertone.com,1
lptag.liveperson.net,1
dpreview.com,1
www.dpreview.com,1
rackcdn.com,1
acx.com,1
api-iam.intercom.io,1
fullstory.com,1
nypi.dc-storm.com,1
forter.com,1
green.erne.co,1
aboutamazon.com,2
taobao.com,1
settings-ssl.xboxlive.com,1
c.sharethis.mgr.consensu.org,1
ipify.org,1
api.ipify.org,5
store-images.s-microsoft.com,1
h.online-metrix.net,1
associates-amazon.com,1
smtp.gmail.com,1
netdna-cdn.com,1
ocsp.quovadisglobal.com,1
www.office.com,1
i2.wp.com,1
weixin.qq.com,1
portal.fb.com,1
prod.y-medialink.com,1
ar.voicefive.com,1
triplelift-match-dotomi.com,1
cdns.gigya.com,1
cdn-images.mailchimp.com,1
alicdn.com,1
bit.ly,1
box.com,1
display.ugc.bazaarvoice.com,2
verizonwireless.com,3
i.imgur.com,2
api.bazaarvoice.com,1
platform.bing.com,1
trackjs.com,1
veoh.com,1
e6449.a.akamaiedge.net,1
cdn-sic.33across.com,1
duckduckgo.com,1
sendgrid.net,2
presentation-sjc2.turn.com,2
ecp.yusercontent.com,1
api.opmnstr.com,1
crl.comodoca.com,1
dm.hybrid.ai,1
nativeads.com,1
a.sportradarserving.com,1
ams1-ib.adnxs.com,1
1f2e7.v.fwmrm.net,1
ads.undertone.com,3
stun.voip.aebc.com,1
vendorlist.consensu.org,1
onedrive.live.com,1
yadro.ru,1
counter.yadro.ru,1
assets.zendesk.com,1
app.slack.com,1
wikipedia.firstpartyapps.oaspapps.com,1
ok.ru,1
connect.tapjoy.com,1
cds.j3z9t3p6.hwcdn.net,1
s-img.mgid.com,1
images.squarespace-cdn.com,2
everestjs.net,1
certum.pl,1
r20.rs6.net,1
ct.sendgrid.net,2
lh3.ggpht.com,1
static.cdn.responsys.net,1
a.audrte.com,1
yammer.com,1
aliyuncs.com,2
i2.ytimg.com,1
update.microsoft.com.nsatc.net,1
vcdn.adnxs.com,1
ced-ns.sascdn.com,1
fe2.update.microsoft.com.nsatc.net,1
trends.revcontent.com,1
live.chartboost.com,1
e3615.a.akamaiedge.net,1
ssl.cf1.rackcdn.com,1
stackpathcdn.com,1
ad.turn.com.akadns.net,1
em.licasd.com,1
yieldmanager.com,1
ad.yieldmanager.com,1
fra1-ib.adnxs.com,1
cdn2.hubspot.net,1
data.ad-score.com,1
tps704.doubleverify.com,1
rtb.nativeads.com,1
colrep.sitelabweb.com,1
page.cdnbasket.net,1
view.cdnbasket.net,1
weebly.com,1
cr-p16.ladsp.jp,1
ut.taobao.com,1
usr.undertone.com,1
profitwell.com,1
wus-streaming-video-msn-com.akamaized.net,1
epicgames.com,1
login.msa.akadns6.net,1
coin.amazonpay.com,1
img.vidible.tv,1
adl.windows.com,1
pushible.com,1
p.alcmpn.com,1
beacon.riskified.com,1
www.tns-counter.ru,1
csm.fr.eu.criteo.net,1
music.apple.com,1
hsforms.com,1
onetag-geo.s-onetag.com,1
scrootca2.ocsp.secomtrust.net,1
sd.turn.com,2
1.bp.blogspot.com,1
disneyworld.disney.go.com,1
nydc1.outbrain.org,1
line.naver.jp,1
events.gfe.nvidia.com,1
ssl.cf2.rackcdn.com,1
sogou.com,1
crl.globalsign.com,2
do.pushible.com,1
adobviewe.club,2
pixel.s3xified.com,1
rounsh.com,1
amazon.in,1
tawk.to,1
bnc.lt,2
www.bbc.co.uk,1
petametrics.com,1
vms.boldchat.com,1
devicemetadataservice.trafficmanager.net,1
adblade.com,1
connectivitycheck.getdropbox.com,1
sway-cdn.com,2
media.sailthru.com,1
www-msn-com.a-0003.a-msedge.net,1
cfg.cml.ksmobile.com,1
2.bp.blogspot.com,1
buy.tinypass.com,1
myshopify.com,1
amazon.com.br,1
avg.com,1
lh5.ggpht.com,1
download.macromedia.com,1
www.amazon.co.jp,1
ipinfo.io,1
overseer.tools.avcdn.net,1
static-cdn.jtvnw.net,1
wup.imtt.qq.com,1
prod-e-node-1112.nexage.com,1
se2-cdn.itunes-apple.com.akadns.net,1
editmysite.com,1
www.qq.com,1
lh4.ggpht.com,1
download.cdn.yandex.net,1
s.swiftypecdn.com,1
abtasty.com,1
www.fullstory.com,1
crt.sectigo.com,1
mathid.mathtag.com,1
my.rtmark.net,2
user.auth.xboxlive.com,1
arcgis.com,1
disneyplus.com,1
knrpc.olark.com,1
vidtech.cbsinteractive.com,2
en.m.wikipedia.org,1
gfwsl.geforce.com,1
electricliterature.com,1
itunes.com,1
t.hoood.info,1
cdn2.editmysite.com,1
wbidder.online,1
adm.fwmrm.net,1
evernote.com,1
exchange.nativeads.com,1
video.qq.com,1
media.discordapp.net,1
embed.ly,1
push-signals.online,2
g.ezoic.net,1
logmeincdn.http.internapcdn.net,1
cc.bingj.com,1
www.wix.com,1
s-img.adskeeper.co.uk,1
special-offers.online,2
tc.qq.com,1
storage.pardot.com,1
s.ss2.us,2
avira.com,1
ssl.cf5.rackcdn.com,1
pornhub.com,1
e12923.b.akamaiedge.net,1
tools.3g.qq.com,1
dl.dropboxusercontent.com,1
xvideos-cdn.com,1
cdn.special-offers.online,1
sdk.privacy-center.org,1
ssl.bing.com,1
app.smartsheet.com,1
cdn.distiltag.com,1
img1.wsimg.com,1
d.lemonpi.io,1
cas.criteo.com,1
www.taobao.com,1
dpmsrv.com,1
r.turn.com.akadns.net,2
e11965.e29.akamaiedge.net,1
str.mdt.qq.com,1
download.amd.com,1
man.aliyuncs.com,1
cdn.pushcrew.com,1
kontiki.com,1
go2cloud.org,2
acp-ss-ew1.adobe.io,1
powr.io,1
a.dpmsrv.com,1
e4900.dsca.akamaiedge.net,1
e10230.g.akamaiedge.net,2
b.admedia.com,1
sc-prod-memories-media-us-east-2.s3.us-east-2.amazonaws.com,1
widgets.amung.us,1
r-tb.com,1
imp.mt48.net,1
youdao.com,1
forms.gle,2
utorrent.com,1
schema.org,1
etahub.com,1
pinyin.sogou.com,1
app-us1.com,1
collector-hpn.ghostery.net,1
cdn11.bigcommerce.com,1
msua01.manage.microsoft.com,1
mpa.autodesk.com,1
sc-prod-memories-thumbnail-us-east-2.s3.us-east-2.amazonaws.com,1
www.huffpost.com,1
developer.api.autodesk.com,1
forms.office.com,2
yandex.ocsp-responder.com,1
yun-hl.3g.qq.com,1
user-images.githubusercontent.com,1
ui.com,1
r.mradx.net,1
geoip-js.maxmind.com,1
protect-us.mimecast.com,1
img.bbystatic.com,1
psa.carambo.la,2
xml.realtime-bid.com,1
truecaller.com,1
s.uuidksinc.net,1
playrix.com,1
secure.flashtalking.com,1
rqd.qq.com,1
h.ocsp-certum.com,1
wildtangent.com,1
docusign.com,1
pixel-geo.prfct.co,1
m.me,1
click.eu.adopexchange.com,1
ssl-mzstatic.com,1
linkprotect.cudasvc.com,1
api-aqqle-link3.com,1
8v9m.com,1
z5h64q92x9.net,2
cdn.irontekcrowd.com,1
cdn.dogirontek.com,1
www.malwarebytes.com,1
js-cdn.dynatrace.com,1
daum.net,2
sin3-ib.adnxs.com,1
notification.tubecup.net,1
static.eyeviewads.com,1
wurfl.io,1
mc.webvisor.org,1
w3.org,1
ak.staticimgfarm.com,1
zqe2jx2q9a.com,1
crtx.info,1
hp.myway.com,1
api-global.us-west-2.prodaa.netflix.com,1
disq.us,1
gw.alicdn.com,1
payments.braintree-api.com,1
audible.co.uk,1
fpt.vn,1
www.verizon.com,1
e12398.b.akamaiedge.net,1
mega.co.nz,1
mirror.cedia.org.ec,1
cmail20.com,1
ad.adriver.ru,1
dmp.theadex.com,1
ping.pinyin.sogou.com,1
gllto2.glpals.com,1
tremormedia.com,1
verblife-5.co,1
www.xnxx.com,1
z.cdn.turner.com,1
s.dpmsrv.com,1
oo-syringe.com,1
wx.qq.com,2
e8979.g.akamaiedge.net,2
scholar.google.com,1
cdn.engine.4dsply.com,2
cdn.push.house,2
googlegroups.com,1
xjp-jmacs.m.taobao.com,1
searchencrypt.com,1
cmail19.com,1
account.box.com,1
s-media-cache-ak0.pinimg.com,1
static.h-bid.com,1
nam02.safelinks.protection.outlook.com,1
euc-excel.officeapps.live.com,1
me.me,1
tdm.qq.com,1
dr.z5h64q92x9.net,1
sparkpost.com,1
www.oo-syringe.com,1
icloud.com.edgekey.net,1
awstrack.me,2
res.wx.qq.com,1
e.searchencrypt.com,1
popcash.net,1
shareasale.com,1
click.adopexchange.com,1
narvii.com,1
ct.yimg.com,1
uol.com.br,1
cdn.includemodal.com,1
coppersurfer.tk,1
web.de,1
jimdo.com,1
zyx.qq.com,1
leechers-paradise.org,1
www.audible.co.uk,1
arms.aliyuncs.com,2
icanhazip.com,1
ws2.rqtrk.eu,1
tracker.coppersurfer.tk,2
amzn.to,2
vv.video.qq.com,1
ally.demdex.net,1
gcm.ctnsnet.com,1
v.qq.com,1
vivo.com.cn,2
affinity.com,1
ph.affinity.com,1
server.seadform.net,1
www.people.com,1
bt.co,1
cdn-a.yieldlove.com,1
onesearch.org,2
dict.youdao.com,2
sg.tdm.qq.com,1
imp.onesearch.org,1
wetest.qq.com,1
tsyndicate.com,1
tcdn.qq.com,1
overdrive.com,1
ocsp.dcocsp.cn,1
yelp.ca,1
vvpcdke43x.com,1
account.docusign.com,1
developers.google.com,2
csc3-2010-crl.verisign.com,1
backfills.ph.affinity.com,1
q-xx.bstatic.com,2
ar.pinterest.com,2
optmstr.com,1
census-googledar.us-east-1.nielsencollections.com,1
sdksp.video.qq.com,1
bytefence.com,1
trk.klclick1.com,1
ui-portal.de,1
cdn.45tu1c0.com,1
crl.starfieldtech.com,1
video-weaver.jfk04.hls.ttvnw.net,1
patreon.com,2
irqs.ioam.de,1
vmp.qq.com,1
tag.navdmp.com,1
sqimg.qq.com,1
sslcom.ocsp-certum.com,1
dyndns.com,1
ssl.cf3.rackcdn.com,1
retcode-us-west-1.arms.aliyuncs.com,1
ib.srch.bar,1
sjc-login.dotomi.com,1
d2iq.com,1
heartbeat.dm.origin.com,1
image.tmdb.org,1
e4295.g.akamaiedge.net,1
best.aliexpress.com,2
secureservercdn.net,1
pushism.com,1
duba.net,1
myexternalip.com,2
vid-play.com,1
tplay.qq.com,1
pushpushgo.com,1
xjp-msgacs.m.taobao.com,1
dnl-00.geo.kaspersky.com,1
epicunitscan.info,3
ak.imgfarm.com,2
cengage.com,1
wxapp.tc.qq.com,1
t3j2g9x7.stackpathcdn.com,1
se-edge.itunes-apple.com.akadns.net,1
miaozhen.com,1
tps20227.doubleverify.com,1
semantiqo.com,1
pages.ubembed.com,1
go.sparkpostmail.com,2
xmlppcbuzz.com,1
exodus.desync.com,1
onclickads.net,1
hanbang.org.cn,1
e9040.f.akamaiedge.net,1
r.remarketingpixel.com,2
remarketingpixel.com,2
hshh.org,1
player.vid-play.com,2
pdn-1.com,1
open.delivery.net,1
www.yelp.ca,1
438b44e68a18a815aaf4aa6ab.litix.io,1
thoughtco.com,1
e5816.x.akamaiedge.net,2
v2.get.sogou.com,1
staplesadvantage.com,1
lazada.com,1
snapcomms.com,1
servingdesktop.com,1
syzs.qq.com,1
cmshow.gtimg.cn,2
c.avazunativeads.com,1
url.cn,1
8pulse.com,1
m.alibaba.com,1
servt.vid-play.com,2
szzjwxsns.video.qq.com,1
consent-pref.trustarc.com,1
deloplen.com,7
app.purechat.com,1
cdn.tsyndicate.com,1
carfax.com,1
tps20224.doubleverify.com,1
nl.yelp.be,1
de.yelp.ch,1
tps20230.doubleverify.com,1
leadlander.com,1
tps20225.doubleverify.com,1
backblazeb2.com,1
restlbs.map.qq.com,1
e2181.b.akamaiedge.net,2
ludashi.com,1
mediav.com,1
minorshort.weixin.qq.com,1
www.gov.uk,1
a.adroll.com,1
nerdwallet.com,1
sy.guanjia.qq.com,1
sc01.alicdn.com,1
g.static.mega.co.nz,1
dmnsg.com,1
surveygizmo.com,1
cloud.google.com,1
dynmsg.modpim.com,1
serv.vid-play.com,1
md5.hackerwatch.org,1
hal9000.redintelligence.net,1
sc17.rules.mailshell.net,1
mail.qq.com,1
hits-i.iubenda.com,1
mackeeper.com,1
mail.com,1
mikrotik.com,1
imgrimsko.com,1
presence-grpc-noneu.truecaller.com,1
report.huatuo.qq.com,1
mooo.com,2
pushapi.online,1
www-prod.adobesunbreak.com,1
static.gc.apple.com.edgekey.net,1
e5842.dscb.akamaiedge.net,2
wap.sogou.com,1
uswest.rtb.nativeads.com,1
urlsec.qq.com,1
safebrowsing.urlsec.qq.com,1
swa-dc.zeronaught.com,1
backblaze.com,1
platform.wondershare.com,1
books.apple.com,1
t1.daumcdn.net,1
adsco.re,1
wxs.qq.com,1
athenahealth.com,1
visuals.azureedge.net,1
prod-e-node-1212.nexage.com,1
www.spreaker.com,1
boot.pubstack.io,1
cpi-offers.com,2
wordreference.com,1
tj6w5.flx10.com,1
picclickimg.com,1
main.cdn.wish.com,1
kikakeyboard.com,1
cdn.siteswithcontent.com,1
na3.docusign.net,1
delivery.filkasbul.com,1
ipv4-c065-dus002-ix.1.oca.nflxvideo.net,1
llnw.net,1
ichnaea.us-west-2.prodaa.netflix.com,1
threadloom.com,3
sync3.sniperlog.ru,1
cloud.bluestacks.com,1
open.demonii.com,1
sm.rtb.mts.ru,1
epl.paypal-communication.com,2
getresponse.com,1
culumunderbianwa.info,2
pointclickcare.com,1
videosz.com,1
elfsight.com,1
irs01.com,1
shzjwxsns.video.qq.com,1
tracking.searchmarketing.com,1
microsoftedgetips.microsoft.com,1
ak1.ostkcdn.com,2
www.swagbucks.com,1
audible.de,1
ipv4-c061-dus002-ix.1.oca.nflxvideo.net,1
everydayhealth.com,1
ipv4-c071-dus002-ix.1.oca.nflxvideo.net,1
images.intellitxt.com,1
ucarecdn.com,1
www.sogou.com,1
ipv4-c062-dus002-ix.1.oca.nflxvideo.net,1
cdn.rtclx.com,2
www.ask.com,1
rink.hockeyapp.net,1
td.demdex.net,1
sleeknote.com,1
strangled.net,2
socwxsns.video.qq.com,1
rawgit.rawgh.netdna-cdn.com,1
smpop.icfcdn.com,1
qzone.qq.com,1
internetwarriors.net,1
dyneml.com,1
stitcher.com,1
tracker.internetwarriors.net,2
repository.certum.pl,2
szlong.weixin.qq.com,1
infusionsoft.app,3
sandai.net,1
laz-g-cdn.alicdn.com,1
px-us-ca.adhigh.net,1
urldefense.com,2
dpbolvw.net,1
www.dpbolvw.net,1
i.postimg.cc,1
yahoosports.com,1
bskyb.demdex.net,1
ipv4-c056-dus002-ix.1.oca.nflxvideo.net,1
assets.getpocket.com,1
htopensationclie.info,2
c.adsco.re,1
ipv4-c070-dus002-ix.1.oca.nflxvideo.net,1
sastts.com,3
sb.adtidy.org,1
nbf9b5aurl.com,1
en.wikisource.org,1
news.microsoft.com,1
r.sastts.com,2
en.wikiquote.org,1
s.ludashi.com,1
hkoptimize.com,1
adlegend.com,1
academia.edu,1
i.nflcdn.com,1
acint.net,1
i.skimresources.com,2
chat.chatra.io,1
pushapi.special-offers.online,1
s.pc.qq.com,1
espncricinfo.com,2
cdn.cpnscdn.com,1
ipv4-c069-dus002-ix.1.oca.nflxvideo.net,1
m1.nsimg.net,1
rarbg.me,1
support.amd.com,1
mailchi.mp,2
ipv4-c072-dus002-ix.1.oca.nflxvideo.net,1
y.qq.com,1
wdl1.pcfg.cache.wpscdn.com,1
static.vnpt.vn,1
wup.browser.qq.com,1
uzto.netdna-cdn.com,1
ipv4-c074-dus002-ix.1.oca.nflxvideo.net,1
p36-mailws.icloud.com.akadns.net,1
paperlesspost.com,1
cdn.thisiswaldo.com,1
soft.360.cn,1
ssl.microsofttranslator.com,1
xunlei.com,1
static.yandex.sx,1
display.ad.daum.net,1
sdk.adtiming.com,1
atttvnow.com,1
wxsnsdythumb.wxs.qq.com,1
comicbook.com,1
main.exosrv.com,1
brightcove.hs.llnwd.net,1
assets.documentcloud.org,1
vidmate.net,1
update.scansoft.com,1
form.jotform.com,2
update.videolan.org,1
appleid.apple.com.akadns.net,1
atera.com,1
hidemysearches.com,1
thumb-v-cl2.xhcdn.com,1
eff.org,1
6.adsco.re,2
usmagazine.com,1
api.secondstreetapp.com,1
www.schwab.com,1
www.insider.com,1
rb.symcb.com,1
static-cl.xhcdn.com,1
solocpm.com,1
bitrix.info,1
flx647.lporirxe.com,1
img.ltwebstatic.com,1
t.yesware.com,1
9apps.com,1
www.shareasale.com,1
mckesson.com,1
p38-mailws.icloud.com.akadns.net,1
clicks.mbid.io,1
intowow.info,1
sc02.alicdn.com,1
9.rarbg.me,1
click.clickmara.com,1
wangxin.taobao.com,1
ipv4-c073-dus002-ix.1.oca.nflxvideo.net,1
clk.rtpdn11.com,1
img.imgsmail.ru,1
b.voicefive.com,1
arms-retcode-sg.aliyuncs.com,1
tiny-vps.com,1
amch.questionmarket.com,1
oss-cn-hangzhou.aliyuncs.com,1
track.searchiq.co,1
captcha.com,1
www.update.microsoft.com.nsatc.net,1
szextshort.weixin.qq.com,1
dl.360safe.com,1
ssl-ccstatic.highwebmedia.com,1
telemetry.jivosite.com,1
corel.com,1
sw.symcb.com,1
code.murdoog.com,1
b3.mookie1.com,1
unipay.qq.com,1
dbrsupportportal.dellbackupandrecovery.com,1
securestudies.com,1
e.hidemysearches.com,1
ad-blocker.org,2
centurylink.net,1
mybestdc.com,2
pxl.tsyndicate.com,1
trk.hoolopiniomaster.space,1
images.bestbuy.com,1
cadservices.autodesk.com,1
gamma.cachefly.net,1
mylivechat.com,2
apptrailers-ssl.itunes-apple.com.akadns.net,1
cmptch.com,1
y.gtimg.cn,1
sina.com,1
freegeoip.app,1
tdid.m.qq.com,1
nyc3.digitaloceanspaces.com,2
banggood.com,1
video.taobao.com,1
cdn.user-api.com,1
kyson.ad.daum.net,1
d.nativendo.de,1
clienttemplates.content.office.net,1
static.emsservice.de,1
activengage.com,1
e4466.g.akamaiedge.net,2
g.cn.miaozhen.com,1
zer0day.to,1
thetakeout.com,1
archiveofourown.org,2
jbhunt-my.sharepoint.com,1
mybestclick.net,1
sable.madmimi.com,1
whatfix.com,1
ocsp-services.uzto.netdna-cdn.com,1
support.zendesk.com,2
cwist.com,1
segment-pixel.invitemedia.com,1
res.imtt.qq.com,1
cpgplc.onmicrosoft.com,1
wdl1.cache.wps.cn,1
online.jimmyjohns.com,1
pub-cfg.secu100.net,1
flplayer.net,1
cat.wargaming.net,1
track.wordgenius.com,1
org-backfills-ph-affinity-com.afn.netdna-cdn.com,1
tinypic.com,1
e2788.x.akamaiedge.net,1
bgtc.mac-autofixer.com,1
notify-service.com,1
gitlab.com,1
static.garmincdn.com,1
voken.eyereturn.com,1
tracking.lenzmx.com,1
unbouncepages.com,2
go.imgsmail.ru,1
dreamhost.com,1
mobengine.xyz,1
media.comicbook.com,1
images.cordial.com,1
push2.notify-service.com,1
api.mobengine.xyz,1
tracker.zer0day.to,1
grammarly.go2cloud.org,1
curated.fieldtest.cc,1
fieldtest.cc,2
www.buzzfeednews.com,1
notifications5-noneu.truecaller.com,1
free.fr,1
trillianu.info,2
ontraport.com,1
ocsp05.actalis.it,1
cidian.youdao.com,1
infoc2.duba.net,1
newscred.com,1
inspireuplift.com,2
yumpu.com,1
api1.reasonsecurity.com,1
cdn.pubguru.com,1
pp.userapi.com,1
ow.ly,1
open.stealth.si,1
cdn.nflximg.com,1
ipdata.co,1
update.ccleanerbrowser.com,1
yandexmetrica.com,1
syndication.exoclick.com,1
jsc.marketgid.com,1
adserver.juicyads.com,1
c1.popads.net,2
sync.omnidsp.com,1
livejasmin.com,1
f8.market.xiaomi.com,1
t.9696.me,1
clicks.rtad.io,2
rtad.io,2
adux.com,1
windowssearch.com,1
cdn.hoood.info,2
www.windowssearch.com,1
notify.mgid.com,1
app.getresponse.com,1
public.adobecc.com,1
p12-mailws.icloud.com.akadns.net,1
www.tdameritrade.com,1
data.travelzoo.com,1
spgo.io,1
clk.taptica.com,1
theskimm.com,1
oss-us-west-1.aliyuncs.com,1
trk.cp20.com,1
brother.com,1
sync.users-api.com,1
users-api.com,1
umeng.co,1
fingahvf.top,4
szmg.qq.com,1
getiantem.org,1
ermisvc.com,1
st.chatango.com,1
virtua.com.br,1
incentivesnetwork.net,1
oss-content.securestudies.com,2
e13252.dscg.akamaiedge.net,2
20634609p.rfihub.com,1
u1584542.ct.sendgrid.net,2
fourseasons.com,1
www.incentivesnetwork.net,1
similarphotocleaner.com,2
cdn.similarphotocleaner.com,3
hao123.com,1
image.ibb.co,1
promo-bc.com,1
waust.at,1
www.goldderby.com,1
moevideo.net,1
vk.me,1
short.weixin.qq.com,1
51.la,2
opmnstr.awesomemotive.netdna-cdn.com,1
openoffice.org,1
cs1137.wpc.gammacdn.net,1
e2998.g.akamaiedge.net,2
www.searchencrypt.com,1
n.sinaimg.cn,1
headspace.com,1
hostgator.com,1
file.market.xiaomi.com,2
avito.ru,1
pm.myapp.com,1
webfonts.creativecloud.com,1
p2.music.126.net,1
rapport.trusteer.com,1
ssxd.mediav.com,1
istepuleto.com,2
tiara.daum.net,1
ytmp3.cc,2
r.cdnsun.net,1
e14768.dscb.akamaiedge.net,1
downloads.intercomcdn.com,1
eddie4.nl,1
ptoahaistais.com,2
static.ptoahaistais.com,1
mailcontrol.com,1
ipcast1.dynupdate.noip.com,1
hupu.com,1
louisvuitton.com,1
qiyi.com,1
collective-media.net,1
setupad.com,1
fineboost-loghub.ap-southeast-1.log.aliyuncs.com,1
hep.tucm.site,1
o5o4o6.com,2
vipapi.wps.cn,1
t1.greatforwarding.com,1
amazonses.com,1
cdn.by.wonderpush.com,2
rp.hpplay.cn,1
cacerts.geotrust.com,1
tk6if76q.ab1n.net,1
serconmp.com,2
parkingcrew.net,1
binance.com,2
ublockerext.com,6
marketingtechworld.com,1
cdn.socialannex.com,1
sedoparking.com,1
p18-mailws.icloud.com.akadns.net,1
search5-noneu.truecaller.com,1
uploads.disquscdn.com,1
api.themoviedb.org,1
ipv4-c092-lhr004-ix.1.oca.nflxvideo.net,1
nrdp.nccp.us-west-2.prodaa.netflix.com,1
update.drp.su,1
de.wikipedia.org,1
findhere.org,5
api.addressy.com,1
timetrade.com,1
bet365.com,1
securybrowse.com,2
unme.findhere.org,3
mat1.gtimg.com,1
go.bebi.com,1
ws.gtm.acer.com,1
dallasnews.com,1
geo.getiantem.org,1
trafforsrv.com,1
aww799.com,2
www.aww799.com,3
adx.com.ru,1
reimageplus.com,3
ria.com,1
803d.v.fwmrm.net,1
www.pdffiller.com,1
static.shareasale.com,1
shared.ydstatic.com,1
soundwave.bnmla.com,1
cpanel.net,1
c.snnd.co,1
gifer.com,1
t1.hshh.org,1
img.ed4.net,1
p72-mailws.icloud.com.akadns.net,1
x2.tcdn.qq.com,1
e211.e2.akamaiedge.net,2
openapi1.dbank.com,1
hquickmapsanddirections.com,4
count.carrierzone.com,3
gearbest.com,1
euro.expedia.net,1
cdn2.ime.sogou.com,2
ad4m.at,1
rqd.uu.qq.com,1
cofactordigital.com,1
trackquantx.adux.com,2
verticalresponse.com,1
ssl.ptlogin2.qq.com,1
bigfishgames.com,1
demonii.si,1
customerevents.us-west-2.prodaa.netflix.com,1
adsperfection.g2afse.com,1
cdn.pardot.com,1
mgtracker.org,4
open.demonii.si,1
rules.securestudies.com,4
chordify.net,1
track.tiara.daum.net,1
maimai666.com,2
dl2.acronis.com,1
dreammail.edgesuite.net,1
ad.vrvm.com,1
iqoption.com,1
tqlkg.com,1
www.tqlkg.com,1
update.utorrent.com,1
f.chtah.com,1
p.qpic.cn,1
videodownloader.io,4
ms.maimai666.com,3
learningmarketplace.smarttech.com,2
hinet.net,1
p20.zdusercontent.com,1
ad-maven.com,1
vs.co,1
pagefairlimited.netdna-cdn.com,1
fi1.ypncdn.com,1
optmnstr.awesomemotive.netdna-cdn.com,1
cat.jp.as.criteo.com,1
e-0001.dc-msedge.net,1
cattepush.com,1
studiod.cc,1
videocdn.studiod.cc,1
istole.it,1
dailydot.com,1
r4---sn-vgqs7nez.googlevideo.com,1
law360.com,1
alltheweb.com,1
bbcore.cloudapp.net,1
www.alltheweb.com,1
telenet.be,1
uc.chatra.io,1
v.gdt.qq.com,1
onclicktop.com,1
townandcountrymag.com,1
cdn1.ime.sogou.com,2
mx1-us1.ppe-hosted.com,1
trk.superads.cn,1
update.mdt.qq.com,1
yadi.sk,1
alireviews.fireapps.io,1
users.51.la,1
js.wpnjs.com,1
email.eviteideas.com,2
media.mtvnservices.com,1
ia.51.la,2
world.taobao.com,1
crrepo.com,1
contentgreat.com,1
t1.contentgreat.com,2
sngapm.qq.com,1
p14-mailws.icloud.com.akadns.net,1
opentracker.xyz,1
ptvcdn.net,2
verticalhealth.net,1
p50-mailws.icloud.com.akadns.net,1
glotorrents.pw,2
js.users.51.la,4
s3m.mediav.com,1
p16-mailws.icloud.com.akadns.net,1
imgcdn.ptvcdn.net,1
www.smartsheet.com,1
szshort.weixin.qq.com,1
api.audible.co.uk,1
ftjcfx.com,1
www.ftjcfx.com,1
allmygoodlife.com,2
19-10.b.cdn13.com,1
js.juicyads.com,1
dvcasha2.ocsp-certum.com,1
s3.nzbdw.com,1
aritcametu.com,1
susapi.lenovomm.com,1
www.dailydot.com,1
petametrics-cdn.petametricsinc.netdna-cdn.com,1
petametricsinc.netdna-cdn.com,1
eu-west-1.awstrack.me,1
wxsnsdy.wxs.qq.com,1
account.sanomaservices.nl,2
tajs.qq.com,1
www.sipc.org,1
bmedia.justservingfiles.net,1
ipv4-c096-lhr004-ix.1.oca.nflxvideo.net,1
krunker.io,1
saztirulo.com,2
apps.bittorrent.com,1
p43-mailws.icloud.com.akadns.net,1
getwallpapers.com,2
appsflyer.tk,1
p49-mailws.icloud.com.akadns.net,1
sdk.appsflyer.tk,4
images6.fanpop.com,1
info.quarkmobi.net,1
s.s-bol.com,1
vk.cc,2
dlvr.it,1
tcms-allot.wangxin.taobao.com,1
px-us.adhigh.net,1
sway.office.com,2
azalead.com,1
dns2.registrar-servers.com,1
eur01.safelinks.protection.outlook.com,1
i.email.eviteideas.com,1
cradver.livejasmin.com,1
p17-mailws.icloud.com.akadns.net,1
report.imtt.qq.com,1
prt.news,1
dl.javafx.com,1
coinmarketcap.com,1
premium-asia-south1.truecaller.com,1
lavasoft.com,1
dealtime.com,1
pubyun.com,2
api.news-headlines.co,1
optout.adalliance.io,1
static.mediav.com,1
img.adtiming.com,1
p15-mailws.icloud.com.akadns.net,1
www.pubyun.com,1
wolve.pro,1
ru.wikipedia.org,1
dtmpub.com,1
api.3161831ae0e5c21f7a5bda640947954b978d3240.com,1
www.decenthat.com,1
show-g.mediav.com,1
tapatalk.com,1
eu.cssrvsync.com,1
global.ymtracking.com,1
propu.sh,1
uidesign.gbtcdn.com,1
t.gmg.io,1
tunion-api.m.taobao.com,1
made-in-china.com,1
ipv4-c004-dus002-ix.1.oca.nflxvideo.net,1
outlook.office365.us,1
ibeat.indiatimes.com,1
calendarws.fe.apple-dns.net,1
p.qlogo.cn,1
cyberia.is,1
e16901.b.akamaiedge.net,1
itc.cn,1
samsung.demdex.net,1
lduhtrp.net,1
www.lduhtrp.net,1
boingo.com,1
metlife.com,1
tracker.cyberia.is,1
delivembed.cc,1
srv1.osdkupdatenw.com,1
secure2.alphassl.com,1
cdn.twiago.com,1
s.mmgo.io,1
sfr.fr,1
leokross.com,1
js.hellomedian.com,1
int.dpool.sina.com.cn,1
srchbar.com,1
stat.y.qq.com,1
ionos.com,1
track.knlob.com,1
retcode-sg-lazada.arms.aliyuncs.com,1
games.mochiads.com,1
show.qq.com,1
3322.net,4
radikal.ru,1
go.sparkpostmail2.com,2
dl.snappea.com,1
ca.com,1
e7653.g.akamaiedge.net,1
news.gnezdo.ru,2
p51-mailws.icloud.com.akadns.net,1
a.farlex.com,1
b.appjiagu.com,1
cdn.garenanow.com,1
pushlaram.com,6
census-googledar.us-west-2.nielsencollections.com,1
appfocus.go2cloud.org,1
wmadv.go2cloud.org,1
www.reimageplus.com,1
dnsv5.com,1
impservice.youdao.com,1
mx.sendgrid.net,1
p44-mailws.icloud.com.akadns.net,1
ipv4-c014-dus002-ix.1.oca.nflxvideo.net,1
hsd1.il.comcast.net,1
ims.bentley.com,1
consting-hancessor.com,1
tracker.trackerfix.com,1
e1722.x.akamaiedge.net,2
ipv4-c002-dus002-ix.1.oca.nflxvideo.net,1
afd.e-0001.dc-msedge.net,1
static.tvtropes.org,1
youradchoices.com,1
zh.wikipedia.org,1
push5.adups.com,1
wangwang.taobao.com,1
m-t.io,1
origin.pfultd.com,1
sec.levexis.com,1
p41-mailws.icloud.com.akadns.net,1
trk.iskyworker.com,1
mailgun.net,1
www.docusign.com,1
cdn0.agoda.net,1
webservices.smarttech.com,1
umblr.com,1
ipv4-c035-dus002-ix.1.oca.nflxvideo.net,1
t.umblr.com,1
furbo.com,2
s13.cnzz.com,1
upeer.me,1
static.ziffprod.net,1
back-to-top.appspot.com,1
onclickbright.com,1
v3.logger.pw,1
mobilelog.upqzfile.com,2
mysecurify.com,1
ipv4-c028-dus002-ix.1.oca.nflxvideo.net,1
p42-mailws.icloud.com.akadns.net,1
s1.bdstatic.com,1
wns.kg.qq.com,1
terrhq.ru,1
www.onclickbright.com,1
s3m.nzwgs.com,1
e17486.b.akamaiedge.net,1
llahnch259.com,1
api.flyertown.ca,1
p58-mailws.icloud.com.akadns.net,1
cdnmail.ru,1
e87.b.akamaiedge.net,1
clck.ru,4
19-12.b.cdn13.com,1
dls.dymo.com,2
social-api.toonblast.net,1
benchurl.com,1
updateexte.services.openoffice.org,2
dellcsmbhome.waves.com,1
dna.cyberlink.com,1
z5.cnzz.com,1
assets.nvidiagrid.net,1
app.adoric-om.com,1
skipper.tech,1
vfq2nsli1v76fglgdl9puq0cd.litix.io,1
h3lw971ym6.com,3
track.skipper.tech,2
lightinthebox.com,1
pnldsk.adclarity.com,1
pz0.3dn.ie.sogou.com,1
anywhere.webrootcloudav.com,1
0sntp7dnrr.com,3
explodie.org,1
bcloudhost.com,1
s.ticsync.com,1
ns3.dnsv5.com,2
u.y.qq.com,1
pro.pz0.3dn.ie.sogou.com,2
dl.myway.com,1
p13.zdusercontent.com,1
cttghjfhsw.com,4
adlmerge.com,1
api.getiantem.org,1
lnkd.in,1
123formbuilder.com,2
dvoyy3qexr.com,2
o365.mail.volvocars.com,1
ideasip.com,1
crl.swisssign.net,1
stun.ideasip.com,2
niche.com,2
cn-hongkong.log.aliyuncs.com,1
vkaofq64zz.com,2
a.collective-media.net,1
6moxhf9rmm.com,3
vcita.com,1
com.com,1
worldwide.sogou.com,1
eu-mapx.sam4m.com,1
ppstream.com,1
bemobtrk.com,1
siriusxmradioinc-mid-prod1-t.adobe-campaign.com,2
s7.landsend.com,1
voluumtrk.com,1
files.cdn.spilcloud.com,1
gresille.org,1
g.daum.net,1
pingstart.com,1
pmlw0efk4x.com,2
yadisk.cc,1
o3sndvzo25.com,1
res.mail.qq.com,1
ns4.qhoster.net,1
wxsnsad.tc.qq.com,1
dyn.kingsoftstore.com,1
config.getiantem.org,1
hfq2h9152m63.statuspage.io,1
ya.cc,1
ciksolre.net,1
t.lt02.net,1
ad.foxitreader.cn,1
binance.cloud,1
supercoloring.com,2
api.pingstart.com,1
ip.3322.net,4
open-internet.nl,1
code.etracker.com,1
dyn.com,1
flashscore.com,1
powerbicdn.azureedge.net,1
cdn.maccleanuppro.com,1
edge-locations5-noneu.truecaller.com,1
ipv4-c056-fra002-ix.1.oca.nflxvideo.net,1
note.youdao.com,2
ns1.qhoster.net,1
thetracker.org,1
ns3.qhoster.net,1
pureprofile.com,1
galleryn2.awemwh.com,1
r1---sn-aigl6ner.gvt1.com,1
linktr.ee,2
i5iog3mlrw.com,1
cl.s10.exct.net,1
wa.qq.com,1
image.made-in-china.com,2
liveupdate.gocyberlink.com,1
rtb-eu.nativeads.com,1
uploads.tapatalk-cdn.com,1
p24-mailws.icloud.com.akadns.net,1
wxa.wxs.qq.com,1
vip.qq.com,1
dcb5684707f6c66492aaa9f7d9bfb5a6.biz,2
hls.ted.com,1
ensilo.com,1
ns2.qhoster.net,1
ipv4-c045-dus002-ix.1.oca.nflxvideo.net,1
members.dyndns.org,1
view.inews.qq.com,1
cloud.tc.qq.com,1
ilibr.org,1
in16.zog.link,1
322ffbbc7c1b312c2f9d942f20422f8d.com,1
www.amazon-logistikblog.de,1
show-3.mediav.com,1
tracker.ilibr.org,1
grepler.com,1
mg64.net,1
cba4a6e5d3c956548a337c52388473f1.com,2
0a0074066c49886a39b5a3072582f5d6.net,1
crptgate.com,1
z4.cnzz.com,1
000webhostapp.com,2
r3---sn-aigzrn76.gvt1.com,1
73780fbd309561e201a4aee9914d882d.org,2
18bca7c5fd709ac468ba148c590ef6bf.net,2
tracker.mg64.net,1
pt-static1.jsmstat.com,1
44ser87uhle6mo61s1qtpin7j.litix.io,1
adverline.com,1
cn-shanghai.aliyuncs.com,1
tracking.cirrusinsight.com,1
aaafc94b3a37b75ae9cb60afc42e86fe.org,2
mobile.bigfishgames.com,1
1ndkgqn.qnxxvmei.com,1
show.g.mediav.com,1
p26-mailws.icloud.com.akadns.net,1
ke.youdao.com,1
dler.org,1
prd.b6orgeng.net,1
nexxt.com,1
update.utorrent.li,2
z2.cnzz.com,1
c13a856f4a879a89e9a638207efd6c94.biz,2
ssd.tcdn.qq.com,1
data.p2cdn.com,1
baidu.co.th,1
umengacs.m.taobao.com,1
tracker.open-internet.nl,1
2fa3c2fa16c47d9b9bff8986a42b048f.com,1
t2.hshh.org,1
aotclouds.net,1
zer0day.ch,2
t.khd.2345.cc,1
p34-mailws.icloud.com.akadns.net,1
security.baidu.co.th,1
t.riverhit.com,1
thumb-user.xhcdn.com,1
ext.mysecurify.com,1
yximgs.com,1
stdl.qq.com,1
eb.bluestacks.com,1
smaxdn.com,2
getdiscoverbrowser.com,1
update.getdiscoverbrowser.com,1
qqweb.qq.com,1
connect.secure.wellsfargo.com.akadns.net,1
knowyourmeme.com,1
3ec9b600789b3bacf2c72ebae142a9c3.net,2
compass-usa.com,1
s.dsprediction.com,1
tv.yahoo.com,1
p23-mailws.icloud.com.akadns.net,1
ys7.com,1
tripod.com,1
api.telegram.org,1
9appsdownloading.com,5
cdn.9appsdownloading.com,5
dl.airtable.com,1
kidoz.net,1
js.adforgames.com,1
eu.dspmulti.com,1
ak2.cdn.9appsdownloading.com,4
premiumtraff.com,2
pki.infineon.com,1
acuityads.com,1
store.qq.com,1
ps.popcash.net,2
img2.blogblog.com,1
secure.opinionlab.com,1
files.ctctcdn.com,1
contentnice.com,1
t1.contentnice.com,1
in-file-appstore.vivoglobal.com,1
xxpwgxx.com,1
interst12.com,1
protectedtransactions.com,1
ca-as-1.agilone.com,1
curlmyip.com,1
p29-mailws.icloud.com.akadns.net,1
cdn.engine.phn.doublepimp.com,2
paper-io.com,2
pt-static5.jsmstat.com,1
s.syzs.qq.com,1
fr.wikipedia.org,1
pmstrk.mercadolibre.com.mx,1
www4.smartadserver.com,1
prodssl.protectedtransactions.com,1
tray.winzip.com,1
reimage.com,3
httpconfig.vonage.net,1
sinvariouspreverre.info,1
coolkit.cc,1
cdnrep.reimage.com,3
download.nvidia.com,1
leadbolt.net,1
notification-list.com,2
rebrand.ly,5
web.qun.qq.com,1
inplayable.com,1
widgets.spklw.com,1
hdownloadmyinboxhelper.com,2
yi.org,1
a.remarketstats.com,1
s22.cnzz.com,1
brandsafe.adlooxtracking.com,1
domclickext.xyz,5
cu.smaxdn.com,2
gorillanation.com,1
wpm.ccmp.eu,1
api.taskapi.net,1
e6858.dscd.akamaiedge.net,1
z1.cnzz.com,1
apply.smaxdn.com,3
trk.klclick3.com,2
p0.qhimg.com,2
alignable.com,1
pushws.fe.apple-dns.net,1
tim.qq.com,1
sektori.org,1
du-testpay.hupu.com,1
port443.xyz,1
report.smaxdn.com,3
gwrtdp-tn690bfadt.aotclouds.net,1
www.trustpilot.com,1
fave.co,2
lmobi.net,1
strategy.lmobi.net,1
actpx.com,1
bl4qcjf.x.incapdns.net,1
stun.qqlive.qq.com,1
s5.cnzz.com,1
code.moviead55.ru,1
linkredirect.org,1
static.etracker.com,1
fbvideosaver.net,2
js.wpncdn.com,2
wpncdn.com,1
zxczj.top,4
frontiernet.net,2
joom.shop,1
swatchseries.to,4
secublue.com,1
surveyjunkie.com,1
criticalimpact.com,1
home.bt.com,1
www1.swatchseries.to,4
s.ixiaa.com,1
advenuedsp.com,1
releases.flowplayer.netdna-cdn.com,1
z3.cnzz.com,1
nusojog.com,5
all.cnzz.com.danuoyi.tbcache.com,2
virgilio.it,2
webnovel.com,1
log.lkjuio.com,1
acdnpro.com,1
t3.hshh.org,1
linkprovider.org,2
searchdimension.com,2
uproxy.youdao.com,1
stat.gamedl.qq.com,1
affise.com,2
is-tracking-link-api-prod.appspot.com,2
ink1000.com,1
