exelator.com,1
contextweb.com,1
godaddy.com,1
gumgum.com,1
ml314.com,1
hola.org,2
adition.com,1
qq.com,1
yandex.ru,2
amplitude.com,1
videohub.tv,1
sc-static.net,1
id5-sync.com,2
app.link,1
serverbid.com,1
getpocket.com,1
gwallet.com,1
voicefive.com,2
nexac.com,1
clickagy.com,1
adadvisor.net,1
grammarly.com,2
unpkg.com,2
nexage.com,1
ixiaa.com,1
demandbase.com,1
nsatc.net,1
nrich.ai,1
undertone.com,1
dpreview.com,1
rackcdn.com,1
acx.com,1
fullstory.com,1
forter.com,1
aboutamazon.com,2
taobao.com,1
ipify.org,1
associates-amazon.com,1
netdna-cdn.com,1
triplelift-match-dotomi.com,1
alicdn.com,1
bit.ly,1
box.com,1
verizonwireless.com,3
trackjs.com,1
veoh.com,1
duckduckgo.com,1
sendgrid.net,2
nativeads.com,1
yadro.ru,1
ok.ru,1
everestjs.net,1
certum.pl,1
yammer.com,1
aliyuncs.com,2
stackpathcdn.com,1
yieldmanager.com,1
weebly.com,1
profitwell.com,1
epicgames.com,1
pushible.com,1
hsforms.com,1
sogou.com,1
adobviewe.club,2
rounsh.com,1
amazon.in,1
tawk.to,1
bnc.lt,2
petametrics.com,1
adblade.com,1
sway-cdn.com,2
myshopify.com,1
amazon.com.br,1
avg.com,1
ipinfo.io,1
editmysite.com,1
abtasty.com,1
arcgis.com,1
disneyplus.com,1
electricliterature.com,1
itunes.com,1
wbidder.online,1
evernote.com,1
embed.ly,1
push-signals.online,2
special-offers.online,2
avira.com,1
pornhub.com,1
xvideos-cdn.com,1
dpmsrv.com,1
kontiki.com,1
go2cloud.org,2
powr.io,1
r-tb.com,1
youdao.com,1
forms.gle,2
utorrent.com,1
schema.org,1
etahub.com,1
app-us1.com,1
ui.com,1
truecaller.com,1
playrix.com,1
wildtangent.com,1
docusign.com,1
m.me,1
ssl-mzstatic.com,1
api-aqqle-link3.com,1
8v9m.com,1
z5h64q92x9.net,2
daum.net,2
wurfl.io,1
w3.org,1
zqe2jx2q9a.com,1
crtx.info,1
disq.us,1
audible.co.uk,1
fpt.vn,1
mega.co.nz,1
cmail20.com,1
tremormedia.com,1
verblife-5.co,1
oo-syringe.com,1
googlegroups.com,1
searchencrypt.com,1
cmail19.com,1
me.me,1
sparkpost.com,1
awstrack.me,2
popcash.net,1
shareasale.com,1
narvii.com,1
uol.com.br,1
coppersurfer.tk,1
web.de,1
jimdo.com,1
leechers-paradise.org,1
icanhazip.com,1
amzn.to,2
vivo.com.cn,2
affinity.com,1
bt.co,1
onesearch.org,2
tsyndicate.com,1
overdrive.com,1
yelp.ca,1
vvpcdke43x.com,1
optmstr.com,1
bytefence.com,1
ui-portal.de,1
patreon.com,2
dyndns.com,1
d2iq.com,1
secureservercdn.net,1
pushism.com,1
duba.net,1
myexternalip.com,2
vid-play.com,1
pushpushgo.com,1
epicunitscan.info,3
cengage.com,1
miaozhen.com,1
semantiqo.com,1
xmlppcbuzz.com,1
onclickads.net,1
hanbang.org.cn,1
remarketingpixel.com,2
hshh.org,1
pdn-1.com,1
thoughtco.com,1
staplesadvantage.com,1
lazada.com,1
snapcomms.com,1
servingdesktop.com,1
url.cn,1
8pulse.com,1
deloplen.com,7
carfax.com,1
leadlander.com,1
backblazeb2.com,1
ludashi.com,1
mediav.com,1
www.gov.uk,1
nerdwallet.com,1
dmnsg.com,1
surveygizmo.com,1
mackeeper.com,1
mail.com,1
mikrotik.com,1
imgrimsko.com,1
mooo.com,2
pushapi.online,1
backblaze.com,1
adsco.re,1
athenahealth.com,1
cpi-offers.com,2
wordreference.com,1
picclickimg.com,1
kikakeyboard.com,1
llnw.net,1
threadloom.com,3
getresponse.com,1
culumunderbianwa.info,2
pointclickcare.com,1
videosz.com,1
elfsight.com,1
irs01.com,1
audible.de,1
everydayhealth.com,1
ucarecdn.com,1
sleeknote.com,1
strangled.net,2
internetwarriors.net,1
dyneml.com,1
stitcher.com,1
infusionsoft.app,3
sandai.net,1
urldefense.com,2
dpbolvw.net,1
yahoosports.com,1
htopensationclie.info,2
sastts.com,3
nbf9b5aurl.com,1
hkoptimize.com,1
adlegend.com,1
academia.edu,1
acint.net,1
espncricinfo.com,2
rarbg.me,1
mailchi.mp,2
paperlesspost.com,1
xunlei.com,1
atttvnow.com,1
comicbook.com,1
vidmate.net,1
atera.com,1
hidemysearches.com,1
eff.org,1
usmagazine.com,1
solocpm.com,1
bitrix.info,1
9apps.com,1
mckesson.com,1
intowow.info,1
tiny-vps.com,1
captcha.com,1
corel.com,1
securestudies.com,1
ad-blocker.org,2
centurylink.net,1
mybestdc.com,2
mylivechat.com,2
cmptch.com,1
sina.com,1
freegeoip.app,1
banggood.com,1
activengage.com,1
zer0day.to,1
thetakeout.com,1
archiveofourown.org,2
mybestclick.net,1
whatfix.com,1
cwist.com,1
flplayer.net,1
tinypic.com,1
notify-service.com,1
gitlab.com,1
unbouncepages.com,2
dreamhost.com,1
mobengine.xyz,1
fieldtest.cc,2
free.fr,1
trillianu.info,2
ontraport.com,1
newscred.com,1
inspireuplift.com,2
yumpu.com,1
ow.ly,1
ipdata.co,1
yandexmetrica.com,1
livejasmin.com,1
rtad.io,2
adux.com,1
windowssearch.com,1
spgo.io,1
theskimm.com,1
brother.com,1
users-api.com,1
umeng.co,1
fingahvf.top,4
getiantem.org,1
ermisvc.com,1
virtua.com.br,1
incentivesnetwork.net,1
fourseasons.com,1
similarphotocleaner.com,2
hao123.com,1
promo-bc.com,1
waust.at,1
moevideo.net,1
vk.me,1
51.la,2
openoffice.org,1
headspace.com,1
hostgator.com,1
avito.ru,1
istepuleto.com,2
ytmp3.cc,2
eddie4.nl,1
ptoahaistais.com,2
mailcontrol.com,1
hupu.com,1
louisvuitton.com,1
qiyi.com,1
collective-media.net,1
setupad.com,1
o5o4o6.com,2
amazonses.com,1
serconmp.com,2
parkingcrew.net,1
binance.com,2
ublockerext.com,6
marketingtechworld.com,1
sedoparking.com,1
findhere.org,5
timetrade.com,1
bet365.com,1
securybrowse.com,2
dallasnews.com,1
trafforsrv.com,1
aww799.com,2
reimageplus.com,3
ria.com,1
cpanel.net,1
gifer.com,1
hquickmapsanddirections.com,4
gearbest.com,1
ad4m.at,1
cofactordigital.com,1
verticalresponse.com,1
bigfishgames.com,1
demonii.si,1
mgtracker.org,4
chordify.net,1
maimai666.com,2
iqoption.com,1
tqlkg.com,1
videodownloader.io,4
hinet.net,1
ad-maven.com,1
vs.co,1
cattepush.com,1
studiod.cc,1
istole.it,1
dailydot.com,1
law360.com,1
alltheweb.com,1
telenet.be,1
onclicktop.com,1
townandcountrymag.com,1
yadi.sk,1
crrepo.com,1
contentgreat.com,1
opentracker.xyz,1
ptvcdn.net,2
verticalhealth.net,1
glotorrents.pw,2
ftjcfx.com,1
allmygoodlife.com,2
aritcametu.com,1
krunker.io,1
saztirulo.com,2
getwallpapers.com,2
appsflyer.tk,1
vk.cc,2
dlvr.it,1
azalead.com,1
prt.news,1
coinmarketcap.com,1
lavasoft.com,1
dealtime.com,1
pubyun.com,2
wolve.pro,1
dtmpub.com,1
tapatalk.com,1
propu.sh,1
made-in-china.com,1
cyberia.is,1
itc.cn,1
lduhtrp.net,1
boingo.com,1
metlife.com,1
delivembed.cc,1
sfr.fr,1
leokross.com,1
srchbar.com,1
ionos.com,1
3322.net,4
radikal.ru,1
ca.com,1
pushlaram.com,6
dnsv5.com,1
consting-hancessor.com,1
youradchoices.com,1
m-t.io,1
mailgun.net,1
umblr.com,1
furbo.com,2
upeer.me,1
onclickbright.com,1
mysecurify.com,1
terrhq.ru,1
llahnch259.com,1
cdnmail.ru,1
clck.ru,4
benchurl.com,1
skipper.tech,1
h3lw971ym6.com,3
lightinthebox.com,1
0sntp7dnrr.com,3
explodie.org,1
bcloudhost.com,1
cttghjfhsw.com,4
adlmerge.com,1
lnkd.in,1
123formbuilder.com,2
dvoyy3qexr.com,2
ideasip.com,1
niche.com,2
vkaofq64zz.com,2
6moxhf9rmm.com,3
vcita.com,1
com.com,1
ppstream.com,1
bemobtrk.com,1
voluumtrk.com,1
gresille.org,1
pingstart.com,1
pmlw0efk4x.com,2
yadisk.cc,1
o3sndvzo25.com,1
ya.cc,1
ciksolre.net,1
binance.cloud,1
supercoloring.com,2
open-internet.nl,1
dyn.com,1
flashscore.com,1
thetracker.org,1
pureprofile.com,1
linktr.ee,2
i5iog3mlrw.com,1
dcb5684707f6c66492aaa9f7d9bfb5a6.biz,2
ensilo.com,1
ilibr.org,1
322ffbbc7c1b312c2f9d942f20422f8d.com,1
grepler.com,1
mg64.net,1
cba4a6e5d3c956548a337c52388473f1.com,2
0a0074066c49886a39b5a3072582f5d6.net,1
crptgate.com,1
000webhostapp.com,2
73780fbd309561e201a4aee9914d882d.org,2
18bca7c5fd709ac468ba148c590ef6bf.net,2
adverline.com,1
aaafc94b3a37b75ae9cb60afc42e86fe.org,2
dler.org,1
nexxt.com,1
c13a856f4a879a89e9a638207efd6c94.biz,2
baidu.co.th,1
2fa3c2fa16c47d9b9bff8986a42b048f.com,1
aotclouds.net,1
zer0day.ch,2
yximgs.com,1
smaxdn.com,2
getdiscoverbrowser.com,1
knowyourmeme.com,1
3ec9b600789b3bacf2c72ebae142a9c3.net,2
compass-usa.com,1
ys7.com,1
tripod.com,1
9appsdownloading.com,5
kidoz.net,1
premiumtraff.com,2
acuityads.com,1
contentnice.com,1
xxpwgxx.com,1
interst12.com,1
protectedtransactions.com,1
curlmyip.com,1
paper-io.com,2
reimage.com,3
sinvariouspreverre.info,1
coolkit.cc,1
leadbolt.net,1
notification-list.com,2
rebrand.ly,5
inplayable.com,1
hdownloadmyinboxhelper.com,2
yi.org,1
domclickext.xyz,5
gorillanation.com,1
alignable.com,1
sektori.org,1
port443.xyz,1
fave.co,2
lmobi.net,1
actpx.com,1
linkredirect.org,1
fbvideosaver.net,2
wpncdn.com,1
zxczj.top,4
frontiernet.net,2
joom.shop,1
swatchseries.to,4
secublue.com,1
surveyjunkie.com,1
criticalimpact.com,1
advenuedsp.com,1
nusojog.com,5
virgilio.it,2
webnovel.com,1
acdnpro.com,1
linkprovider.org,2
searchdimension.com,2
affise.com,2
ink1000.com,1
